body,title
358,Mouse Genius  DX-110 USB negro suave
2.363,Mouse inalámbrico Logitech  Multi-Device M585 graphite
1.641,Mouse de juego Redragon  Centrophorus2 M601-RGB black
1.849,Mouse de juego Redragon  Griffin M607 negro
2.199,Mouse de juego HyperX  Pulsefire Core negro
7.850,Mouse vertical inalámbrico recargable Logitech  MX Vertical negro
4.445,Mouse de juego Razer  Viper Mini negro
1.353,Mouse de juego VSG  Hero negro
1.750,Mouse Genius Eco-8100 Wireless Black Recargable 31030004400
969,Mouse inalámbrico Logitech  M170 gris y negro
618,Mouse inalámbrico Genius  NX-7000 passion red
7.418,Mouse inalámbrico recargable Logitech  MX Anywhere 3 rosa
2.370,Mouse inalámbrico Logitech  Pebble M350 rosa
3.910,Mouse de juego inalámbrico Logitech  G Series Lightspeed G305 black
5.090,Mouse de juego Logitech  G Series Hero G403 negro
729,Mouse inalámbrico Logitech  M170 negro
655,Mouse Logitech  M100 negro
3.890,Mouse de juego inalámbrico Logitech  G Series Lightspeed G305 lilac
1.999,Mouse vertical Trust  Verto Ergonomic negro
419,Mouse de juego Genius  X-G200 calm black
1.099,Mouse de juego HP  M160 negro
3.810,Razer Deathadder V2 Lite Mouse Gamer Mini 62gr 8500dpi Rgb
226,Mouse Genius  DX-120 ocean blue
7.376,Mouse inalámbrico recargable Logitech  MX Anywhere 3 gris pálido
6.999,Mouse de juego Glorious  Model D glossy white
8.299,Mouse de juego Razer  Viper 8KHz negro
1.742,Mouse inalámbrico Logitech  M317 negro
349,Mouse Optico Inalambrico Usb 2.4 Ghz Wireless Notebook Pc
729,Mouse inalámbrico Logitech  M170 plateado
1.243,Mouse inalámbrico Logitech  M280 azul
349,Mouse Wireless Inalambrico Weibo Usb 3200dpi Lapto Notebook
618,Mouse inalámbrico Genius  NX-7000 elegant white
327,Mouse Genius  DX-110 USB blanco elegante
5.490,Mouse de juego inalámbrico Logitech  G Series Lightspeed G603 negro
226,Mouse Genius  DX-120 passion red
2.599,Mouse inalámbrico HP  Z3700 negro
9.265,Mouse inalámbrico recargable Logitech  Master Series MX Master 3 grafito
2.599,Mouse de juego Redragon  Cobra White M711-W white
327,Mouse Genius  DX-110 USB rojo pasión
8.639,Mouse de juego inalámbrico Logitech  G Series Lightspeed G604 negro
3.801,Mouse de juego Razer  DeathAdder Essential negro
1.245,Mouse inalámbrico Logitech  M280 negro
2.499,Mouse de juego Logitech  G Series Lightsync G203 negro
1.199,Mouse inalámbrico Microsoft  Wireless Mobile 1850 negro
1.099,Mouse de juego HP  M160 negro
17.499,Mouse de juego inalámbrico recargable Razer  Viper Ultimate with charging dock black
1.595,Mouse inalámbrico recargable Genius  ECO-8100 negro
499,Mouse Genius Dx-110 Usb 1000 Dpi Negro 31010116100
12.999,Mouse de juego inalámbrico recargable Razer  DeathAdder V2 Pro negro
5.999,Mouse de juego Logitech  G Series Hero 16K G502 negro
830,Mouse inalámbrico Genius  NX-7010 rojo
9.899,Mouse de juego inalámbrico recargable Logitech  G Series Lightspeed G502 negro
904,Mouse inalámbrico Logitech  M190 gris marengo
1.399,Mouse de juego inalámbrico recargable Yindiao  A2 negro
2.599,Mouse de juego Redragon  Cobra White M711-W white
426,Mouse inalámbrico Noganet  NG-900U verde
