score,title,url
4.4,Mouse Inal치mbrico Gamer Redragon Mirage M690 Negro Y Rojo,https://articulo.mercadolibre.com.ar/MLA-920770899-mouse-inalambrico-gamer-redragon-mirage-m690-negro-y-rojo-_JM?searchVariation=84805587374#searchVariation=84805587374&position=41&search_layout=stack&type=item&tracking_id=e6bf6000-7168-4463-a4ba-55344cf0da98
4.8,Mouse de juego Redragon  Storm Elite M988 lunar white,https://www.mercadolibre.com.ar/mouse-de-juego-redragon-storm-elite-m988-lunar-white/p/MLA18264866?pdp_filters=category:MLA1714#searchVariation=MLA18264866&position=17&search_layout=stack&type=product&tracking_id=e6bf6000-7168-4463-a4ba-55344cf0da98
4.8,Mouse de juego Redragon  Cobra White M711-W white,https://click1.mercadolibre.com.ar/mclics/clicks/external/MLA/count?a=2Y5powj7Y8E1EmAvQYG0hFzdtzi4OwCsvX7D%2FGEkIxXNBPTo%2F3qJFIdMG%2BCx2bvF7CY6vAtQJmDmnszIj70w6nuLqxnhYmAs%2Fs9o44DmzDvdvcH8q9gQ4BW1BC%2Bl4LKijw469NRQ63bXf1KgZk0BGYFxhMRlecNNdzvGOSEg25BxW2AZWQ8MJFxDTlXzJ1J8SX%2BAf41gjXT5pxAR5Ibmm%2BiIYmSfh7EwcjbH3Phkhj9q9OjNG9wg%2BbZJO8OIoxlOqvk4Ht8mOrEIrlE3vDoizztZLnmwPyyFRKpJO21X1EgLFXbj4XbbtWFjAVBrNpPL7%2BVbjCTxVMcM4TOdeCm%2BgeQv2cSSSuADQSGDCZpO8RarqMD0%2BHYxwyUNtH32rqnzJO8J0Nw8KANHmv4GKsLhV9lkh%2BhA6zuVGuJeQE36H2njmQWxBTOQ5VTaMJuR4tk75M4J%2BzqMxYdzC5U90ogzwJkyy0ZburFf6f7bqFDcKcpfe8vet1gjYyWHyo95bdl7Wolx0wjoXYjz%2FOVZFVajRb3YksnWqWJWHh02BfpWIrdEj%2F9XR%2BTL0CCpMglwsIbzj3uyfXLrQM4RGsM%2Bb2mu94nCgmOoMQpkvIQ8vXXh4rZvf4HL9gNhkd4rbB2FMBbiVTdWeEjssX8%2BvLzrNYtHbbU8eG5Q%2FXIjw11C9JiqgDfNUmpCEqalRjoO3TI07r%2FKRKV58qDcYBlnuR8aMBC1PiV7V0RfK60%2BozyXPKl0y2G1UYcbD8bCaYGq%2BJdRRVXy8aQyokz%2FnTIIegSnrexLIeuRplxFsRtriSfvVjeMfbjhIOne7yPoLOUoZOXRD3H9wWhKSgYPtrALQdX7J9jm7hFMwjcj5dQb5%2FDHfAZhl%2F6lsHbo%2F5Evy9UfovRMWlneLyy6D0H2gh9sPg4btwmDEVhRSXuO8X96ziq%2Brve9WlKyj4%2FQnHD%2FX2xF0rjU46LEp%2F3yvTxuT2nD3Hy%2B0rNG88Rh%2FmZnG7frIOCeraUg%2FDtlaXv4uE6aLtCx5v%2FzbYiXNCzQo0pJMS5%2FM7tUG%2F3lIUfglSsjw0Yx5LSGYJecxtHwHUzqlKaJlOC5yse8YFNQv%2BTbEfJVv6EzWqD9DQ9N2VlCmHHPC2otNK2pvvtR5xj7mS17HyuV5IJBK5gosfe9IY9pKpXfUcu54%2FiivjxYjDAP7Mla9FroL9wZMgxTH6thDF4pmWHaRE02kN0N6YRlXmquE7eTtesPlqNatY6k2Si4HeuWBB7iIZHAzi9WGtm%2FrC1PbQUOKThf46vu5zeHMwG5jAahE%2FRHRI%2FU6Yg%2FRbRNVOR6qbNxwamdsYL4n07FqH5lhJQZ1WEsoYUfNOKtMwQNwsXy3BS3K2PbkKWu%2FwkgqiYXW%2FRrzs%2F5bG8yaNVtDw9So7qNwcnLut7ygm3fU8V%2BdL2sEgYP%2ByVaZVJSQTmo3xHrFlPAe4VmyYq6KAb%2Bqk9OSKXHyZkn5pldP%2BIxYzLCSdBg0a8GjkN95kbPeSmBlM3PCU7e96e6Hm9ZPCAUJX%2FTDvIJWEVcyzfR7zPdHnq6Bvt35lV%2F3e1uu5YbYwny%2B0ediT2pYlMSST3T5UDHuSe32xN3gjc41nUgrI5%2B0T5Vn6tC6hLDNmEDz9ULq3TVxYDFlgXK1W%2Fzft0m9PgkI3IMwrh%2BMj3u7KkFvvxStpf2AT7EyYzI2q7CUiIdocr617TZDCEvdYkU1%2FUQEFTdCvwzhN6t4%2Fga%2F0EeGHhHiQ6uT0DCROMi%2F1NVAE71lZLacP%2BlkAsXjEpA%2F%2BQMFR3CIUmf1gcsbYqH7q24c8LMXIyichfMzzK7QLyP71R8QkYo5HxX
4.7,Mouse Gamer Redragon Memealion Chroma M710 10000 Dpi Pesas,https://articulo.mercadolibre.com.ar/MLA-662867243-mouse-gamer-redragon-memealion-chroma-m710-10000-dpi-pesas-_JM?searchVariation=32290554916#searchVariation=32290554916&position=32&search_layout=stack&type=item&tracking_id=e6bf6000-7168-4463-a4ba-55344cf0da98
4.8,Mouse Gamer Redragon Macros Botones Dpi Rgb Usb Pc,https://articulo.mercadolibre.com.ar/MLA-684928268-mouse-gamer-redragon-macros-botones-dpi-rgb-usb-pc-_JM?searchVariation=32411655477#searchVariation=32411655477&position=40&search_layout=stack&type=item&tracking_id=e6bf6000-7168-4463-a4ba-55344cf0da98
4.8,Mouse Gamer Redragon Storm Elite Rgb M988 Rgb 16000 Dpi Pc,https://articulo.mercadolibre.com.ar/MLA-879273128-mouse-gamer-redragon-storm-elite-rgb-m988-rgb-16000-dpi-pc-_JM?searchVariation=64271417191#searchVariation=64271417191&position=42&search_layout=stack&type=item&tracking_id=e6bf6000-7168-4463-a4ba-55344cf0da98
4.8,Mouse de juego Redragon  Storm Elite M988 black,https://click1.mercadolibre.com.ar/mclics/clicks/external/MLA/count?a=y%2B30zgM4lta2AWDWCLqiuDhZPtJ5IJY4SfQfObYpVETTI5NO1A6SrtSQLtrm1gPWnHH4%2Bd%2FzVD4E%2FUb%2FwAW99IVoERjV%2Fzx1KGF%2FFpw9sc98pZgfvuZBfF1%2FRMOk4yEVKcoe3qZM4IP0OMs0ZeEMbkQ2UhLpeeUOmBGFC5xtCn1qE3OkCvH4raeXPqjeCOdeeKmIXJqXRWBu%2B1HSHbdi%2BeWq%2FCO39GaxeVQURxugIlvWOwziVng4Pe6scsV7JOLz8oWlK6f9uyxuPZKOLh%2BbuTFCzxS1sR8SxjZoYbr0ihAC%2BI%2F3eYtJbzDXESk3%2BccWQEah%2FQoa3NBWeBOO3BPqb6Q4Zs9tm4ZPnU%2B8aZJA9Z2r5GcsuR5xlJ845Tsd6ju%2F12Rw2hSRrZJ83k0CqHCjgVvorNfE78KJgc7LfSnfr2qrudlyj1MjNgyOpnHYiJytWbAyfWYgn8VcnCrs6N6l3VefDA%2Bk6%2BYmZa3Z6qJdrvM3%2BcSTMnGmSEnkm9Bl4pB6F0f9F9CGjNR%2FnlCt4P92ouzGFj%2FaaQVvq9hfsj1xZErzetiyURBAH%2FTr0gYiVBZ1D5h55vhsKuAmjv0S2rtNvUzIiemrNzdsq9GqzX%2BPC0RWAuJhqTer0JfbDBUPtIXFdaXQ3xqOzBQZ%2FmdaFFgPDxV6ArOrk5vWwmzaZW84YY6KDBATJaYmOqtMr8C25aU6ZKR7821wIcpOj7xtf7TAY5Q5gc%2BVoDJbvM4rZWI7atlP2PliKpKPy9oL2u1oxJ9JgDlfGw05xcTGi2kowudkH3pHt2%2B0OXu7yoCoROE1PGbE35JzlqdGF2AxenD29lJ7RJnTyHxhgFKP9YTQuEvnh45jwqwuoAgnBpqb2gyMAFqYBG4oodD2KTvJ1btYD9%2Fn8%2BYwtl7RJe7Wl0k8w9QdEZsk8wQ4V5opPCInOojzrjE4sfLVJK2%2FjwtGm1nVZZD3lcE04DeUeRhpBOueWpzebG3wKf0mmDETyTsbZRoD6AEsYE9RYxbFNcX9pKkZ0MG%2FMbfmuP4tGiwmX9KQIuy1juwYLcKhx2Uktym%2BWZMoZc4U25JTKiZm%2FrrFH1NqofSgxhzgHkjRutEOUBbbBbNIpQFVMt3gF3zq83%2BluJpHVwh3mDkk1KiU%2BcBq7ss3VB5ZUzeSJjJgt0MnfqoKEzk0GYjWmx7j8PIO7k5vcA1gIpddw0yRlVB5dAa3Jlc371zJGPX8BMOtQP0ayLscK2nd%2BEIr0apl48UPB28Ps7wB3vcN%2Fm7RtWtTem7hC0p5orizv9KTP%2FH8oCYG8QsRPCFyVTPTWnE74auI%2F6y%2FwfYDfTNRq%2Fiex8ItkomI9pJnlOrwUxlkts8ZwPlkUj8HH6LZYX3QfubDwveRAvo7KHcU7F2jyZ6M6yb8MweSIqc1Dl6h%2BVi%2Bbw%2Bo%2BrAkbxO32UT2yBW1d3uCUQPM6ia4YygADmN8INn17sDEUED7CBt4Vjyv0d0Xur%2FAQJ1iAxEolUvwgc1SqTwmZaUBImGkOHAcNy6pAQkcLKFz7HLsMF0JFS6vM%2FBnZ12M4pWl%2F530faJro5VfIUuSRXi%2Fc%2FXqv1EEFpspeDODMLisfQj6GaiUq0PcXb%2B19ppxELjgmTCUQCP1%2BlJ0rs1ZPjTbR9SOWeXWdFDR9l0GbE9TwnYsv3iuQ6lFddA6Ww7Xip2AuvOrjTHML1qrgS%2BBTYeHxgowwZYhQ%2F2hV8CUMeMR8MSHYBCwT6gauvKzTND2u0QVVpIObAGO9%2FU3xG1Zgjt%2BzEoG5WZ%2F98BkL5YlE9Y6hIFgyVyNoSkbYd7W0nDRPG7v4Tf3w7GHXjw%3D
4.7,Combo Mouse Inalambrico Y Mousepad Gamer Redragon 2400dpig,https://articulo.mercadolibre.com.ar/MLA-918038970-combo-mouse-inalambrico-y-mousepad-gamer-redragon-2400dpig-_JM?searchVariation=82926777165#searchVariation=82926777165&position=24&search_layout=stack&type=item&tracking_id=e6bf6000-7168-4463-a4ba-55344cf0da98
4.4,Mouse Gamer Redragon Mirage M690 Inalambrico 4800dpi Led Pc,https://articulo.mercadolibre.com.ar/MLA-684931021-mouse-gamer-redragon-mirage-m690-inalambrico-4800dpi-led-pc-_JM?searchVariation=32290863903#searchVariation=32290863903&position=34&search_layout=stack&type=item&tracking_id=e6bf6000-7168-4463-a4ba-55344cf0da98
4.8,Mouse Gamer Redragon M610 Gainer 3200dpi Optico Usb,https://articulo.mercadolibre.com.ar/MLA-886807323-mouse-gamer-redragon-m610-gainer-3200dpi-optico-usb-_JM?searchVariation=67423157367#searchVariation=67423157367&position=43&search_layout=stack&type=item&tracking_id=e6bf6000-7168-4463-a4ba-55344cf0da98
4.7,Mouse De Juego Redragon Invader Negro,https://articulo.mercadolibre.com.ar/MLA-842691468-mouse-de-juego-redragon-invader-negro-_JM?searchVariation=51888506159#searchVariation=51888506159&position=35&search_layout=stack&type=item&tracking_id=e6bf6000-7168-4463-a4ba-55344cf0da98
4.8,Mouse de juego Redragon  Cobra White M711-W white,https://www.mercadolibre.com.ar/mouse-de-juego-redragon-cobra-white-m711-w-white/p/MLA16236118?pdp_filters=category:MLA1714#searchVariation=MLA16236118&position=4&search_layout=stack&type=product&tracking_id=e6bf6000-7168-4463-a4ba-55344cf0da98
4.8,Mouse De Juego Redragon Griffin M607 Negro,https://articulo.mercadolibre.com.ar/MLA-929691247-mouse-de-juego-redragon-griffin-m607-negro-_JM?searchVariation=91256943225#searchVariation=91256943225&position=48&search_layout=stack&type=item&tracking_id=e6bf6000-7168-4463-a4ba-55344cf0da98
4.8,Mouse de juego Redragon  Gainer M610 negro,https://www.mercadolibre.com.ar/mouse-de-juego-redragon-gainer-m610-negro/p/MLA14873391?pdp_filters=category:MLA1714#searchVariation=MLA14873391&position=12&search_layout=stack&type=product&tracking_id=e6bf6000-7168-4463-a4ba-55344cf0da98
4.8,Mouse de juego Redragon  Griffin M607 blanco,https://www.mercadolibre.com.ar/mouse-de-juego-redragon-griffin-m607-blanco/p/MLA16095721?pdp_filters=category:MLA1714#searchVariation=MLA16095721&position=15&search_layout=stack&type=product&tracking_id=e6bf6000-7168-4463-a4ba-55344cf0da98
4.8,Mouse Gamer De Juego Redragon Centrophorus 2 M601-rgb Negro ,https://articulo.mercadolibre.com.ar/MLA-906166031-mouse-gamer-de-juego-redragon-centrophorus-2-m601-rgb-negro-_JM?searchVariation=76487491882#searchVariation=76487491882&position=53&search_layout=stack&type=item&tracking_id=e6bf6000-7168-4463-a4ba-55344cf0da98
4.8,Mouse De Juego Redragon  Cobra White M711-w White,https://articulo.mercadolibre.com.ar/MLA-929764238-mouse-de-juego-redragon-cobra-white-m711-w-white-_JM?searchVariation=91284580752#searchVariation=91284580752&position=54&search_layout=stack&type=item&tracking_id=e6bf6000-7168-4463-a4ba-55344cf0da98
4.8,Mouse de juego Redragon  Griffin M607 negro,https://www.mercadolibre.com.ar/mouse-de-juego-redragon-griffin-m607-negro/p/MLA11259937?pdp_filters=category:MLA1714#searchVariation=MLA11259937&position=13&search_layout=stack&type=product&tracking_id=e6bf6000-7168-4463-a4ba-55344cf0da98
4.9,Mouse de juego Redragon  Storm M808 white,https://www.mercadolibre.com.ar/mouse-de-juego-redragon-storm-m808-white/p/MLA17450180?pdp_filters=category:MLA1714#searchVariation=MLA17450180&position=20&search_layout=stack&type=product&tracking_id=e6bf6000-7168-4463-a4ba-55344cf0da98
4.7,Mouse Gamer Redragon Invader M719 Rgb 10000 Dpi 8 Botones,https://articulo.mercadolibre.com.ar/MLA-830287104-mouse-gamer-redragon-invader-m719-rgb-10000-dpi-8-botones-_JM?searchVariation=47968313109#searchVariation=47968313109&position=26&search_layout=stack&type=item&tracking_id=e6bf6000-7168-4463-a4ba-55344cf0da98
4.7,Combo Mouse Inalambrico + Mousepad Gamer Redragon 2400 Dpi,https://articulo.mercadolibre.com.ar/MLA-830516532-combo-mouse-inalambrico-mousepad-gamer-redragon-2400-dpi-_JM?searchVariation=82684149767#searchVariation=82684149767&position=45&search_layout=stack&type=item&tracking_id=e6bf6000-7168-4463-a4ba-55344cf0da98
4.8,Mouse de juego Redragon  King Cobra M711-FPS negro,https://www.mercadolibre.com.ar/mouse-de-juego-redragon-king-cobra-m711-fps-negro/p/MLA15806455?pdp_filters=category:MLA1714#searchVariation=MLA15806455&position=16&search_layout=stack&type=product&tracking_id=e6bf6000-7168-4463-a4ba-55344cf0da98
4.8,Mouse Gamer Redragon Storm Elite M988w-rgb Blanco 16k Dpi *,https://articulo.mercadolibre.com.ar/MLA-929732058-mouse-gamer-redragon-storm-elite-m988w-rgb-blanco-16k-dpi--_JM?searchVariation=91271705143#searchVariation=91271705143&position=50&search_layout=stack&type=item&tracking_id=e6bf6000-7168-4463-a4ba-55344cf0da98
4.7,Mouse de juego Redragon  Memeanlion Chroma M710 negro,https://www.mercadolibre.com.ar/mouse-de-juego-redragon-memeanlion-chroma-m710-negro/p/MLA9315180?pdp_filters=category:MLA1714#searchVariation=MLA9315180&position=14&search_layout=stack&type=product&tracking_id=e6bf6000-7168-4463-a4ba-55344cf0da98
4.8,Mouse de juego Redragon  Cobra M711-FPS negro,https://www.mercadolibre.com.ar/mouse-de-juego-redragon-cobra-m711-fps-negro/p/MLA15475813?pdp_filters=category:MLA1714#searchVariation=MLA15475813&position=5&search_layout=stack&type=product&tracking_id=e6bf6000-7168-4463-a4ba-55344cf0da98
4.8,Mouse de juego Redragon  Cobra M711-FPS negro,https://click1.mercadolibre.com.ar/mclics/clicks/external/MLA/count?a=f%2FbSHzJVfL8mx1st5oN%2Bql3mDUzK8KDcNAfc5IG8ii%2FXk%2BObZnd3842wMsjHavtT%2FKI1i9rgebtljbR89vgSe434A5LksVJkqg7phL2fLfu6SbUgETP%2FOYtFqyEhi4HvHjqG4vrOeSSFIgr%2FK5RXQp8X2lCbVMXi2jB9WxdpLj6wfNsCo%2B5xy3C6EWKPzNKh5YPtxm7Asn%2Bg%2BjKRzotx9eqExDv2u2Jw%2FqLxemMqtSOG%2BUTmqynas0BLrIf63t7UMnyCBR0n9oLISDxUOn%2F7%2BL6A0q37HJhN3L%2Bh2HdKDAUR5spJpFn3Ae%2BVPwThi9qQgRGUAENBuUs274Z12ySPQSCM9260nicmQ770b5cs2xiNjOw%2B%2Bk32w%2FsS6JQ9rb%2B066QciSS0uvyl3vaQ7aKAj6Hp%2BAhViRTrN0TAGULDcDZdSM4h4gcXnOr0KIk5TKpNqLwHxtzJ%2FDFM1bq%2Bbz8NJrb4NYhzpa%2BH1M%2FXLGNokwLgWlZcMp74DZ5bn1Bcc9S%2BtPZrmyJGxGnhjcV5iA3PIQPGDb0uCGDn0TFZL4L9MQ7gbsBoaofzHuzv6KWFw3ZUZzgVtY0e7OwnboU8rvc5qKwA9BKbLR3JskzwFzcJXupWxGWnqOTTzk81M0SUsbeDLZiDL7M2Y2GwnVZS9bxJlzo8AMMXf9S0lt9H3224%2FRtlXWCf2xSzEQx8epAPRFxIldaoQ%2F68aN7BFcSrgoMfb4aYrhoUflveaHuRfbqkzW6%2Bs0tjcCM%2BJ2tgg%2BsrIcnn%2FHno3K0k3Rw%2Beq4U6S109imxs8p%2Bp5FX3fhatz1mRqE3ychqwYPJYcb25M8Sz4cjldxP7iV%2F59ppvX2DUOaY9zg3duWHdRSEN5wO06DFy03M11ZMWxOAGWCf0xY5YNKhdmoGt5ME68CXLCJug45JXbkUyIjPu2vl5Q%2FcL5I%2FA2tXIo6QLE1NEyB1GD5p%2ByQ8umctubd6iNrJ9C9sbZIXfqge1AoVP8bbJ%2BFsa49bnCLg50gC0hGT4U6mRmI1ipB4fin%2By8f2A6lF7g5DqBXGIHXAqpYMxkIE3BRYrQ95s0%2FCexlzVHJGcXxXtPKJWgilEnYv6Oayk3gWKJRAk3GkEWVHlcldDwHjzOiQz%2Fhjp1dm7mrpCDJEbZPZcVhRZBUD57R%2FMHewL7bTEAq8JmQBWq8Bl%2FpoN6QDeaaEPUSB7JvHVC6m%2B8ZcrWU5XFflznb1nOIh0rQaPkVxu2P%2FjXiNSGBTQPQres6LFMVm9LC5GjTOn5ueJUO9OAKIe6Ty25cqAKs3qRtgTURZZ3D8Mn8FwJX%2BVNMVGQ07N83RyU6aVyChFPw8Ex8%2F2lc9%2FbsKNz45iDahJvCzGCGsE0VU1BoISdU8sPCDdMmtTYTTkvKXlfKdPeLqW%2FsWopxsDN445xTDuWA0iwjtRg7kD4tUQcPrSYWkQsCZcj4z%2FfSQv21m7gUFlom%2BJtdzD70%2B10Vi15joLRWdjrVz0QER%2BRZ2d88lvlHxVezA%2BPOAiKS8ia9UeDIX8Kos3qC5YmOKY7gVs5eBZ6O8JE5SEgyXA02VhoLJ3b5hU0SbRS1hKfB9ywxG9NfLR2pqc%2BN4PFD1hXUVArNvV%2BRYbKIhQH%2FDDzuMB24AxKr%2BLkLOzDdPwizzxKyr0QarXrk5de2%2FZOB2a3zytKclrZFbWqLXsN05tIRG7kpw96pgxIft5Fr1nlaYjNY2kfE2lN74lBzpRo3PZHer4qJuY9Qhmnwa0XIItnQNXFf6QXmrQ%2B4X0v0ijWEsnayfEMMZTkJxgvEb0HzOcsJZ65l%2BmjtbZmJbMts%2F6hfSjw2P
4.8,Mouse Gamer Redragon Impact M908 12400dpi 18 Botones Usb Pc,https://articulo.mercadolibre.com.ar/MLA-785119058-mouse-gamer-redragon-impact-m908-12400dpi-18-botones-usb-pc-_JM?searchVariation=36559165633#searchVariation=36559165633&position=29&search_layout=stack&type=item&tracking_id=e6bf6000-7168-4463-a4ba-55344cf0da98
4.7,Mouse Gamer Inalambrico Redragon Centrophorus + Pad Pisces,https://articulo.mercadolibre.com.ar/MLA-764925269-mouse-gamer-inalambrico-redragon-centrophorus-pad-pisces-_JM?searchVariation=88908766192#searchVariation=88908766192&position=36&search_layout=stack&type=item&tracking_id=e6bf6000-7168-4463-a4ba-55344cf0da98
4.8,Mouse de juego Redragon  Cobra Chroma M711 negro,https://click1.mercadolibre.com.ar/mclics/clicks/external/MLA/count?a=obtapLfOlm2YHHF%2B8zJCQqDF8%2FOD4bdLFx9qqO%2BdzCr1C38tBNpQFi7F0kxQO5w0qb5E39pwnrWQY6%2Fl9P628TskSTe%2FspYH11ll62WJ3k%2F7utPWBq6PMvDQ7zSQa8OH0FpMk%2FHAjDTSZbM0cHoq5UxhClqMsi806tUBvoTn2hF4pKa3JSIrcGBFxo5MbJGsRTJL%2F16bVqfkghxx3rPN8UE3fKWK98z%2BlMtU6vVZvh5N0Tc4OTDOajr98Ef5wGHahwyW36cHPQ7%2Fw0o7DIw%2BzthnD%2F4y6YTFeocEKOG1iX%2FmBQ7tCluySQmGPZ703%2B1csH3Hm%2FTMAbA%2F9g%2F30ho9YYoWJyFQi1MpZ2N7HEMpPli86XJIA0kXu26GuoVVluDE9XqnUlPryF4fQbapPD1Gff0ZapSaq1R8BayRl0zOjr0Nxlrz9AB9yU7pO9wYmfB4VWCUZGoUylc7BaEZdrmjXiEo%2B9kLIocyVbcU2J43wZwjMBQlkWfCt88mukjjo7P1mfA4Ww42YE7E5Z92EWY7%2Bc%2FT9aQZG08DbyUJqcuUXCQMfQcaauhJIuorycm6yG%2FshWFpvsvAosJTj8P%2FHBQ9ffVeYKY1%2Byqm7kJaOegNpvMKdQyDlHyCftAyfD9Gmj6s%2FfCFNi0xOlRHUnEk7pbhWPk3n%2BDYkH47QYSjiNZLotz1bRUQLnA7ULdjTYxUIrycqnGJDI1h4HlYYB6xbt8mBzxnCxByuq8aZl%2BJW3ILp%2FNwMVGlBEFMsrqG%2BTVuYuAUhQE1e7KOzvw%2F8dGUgbpeI8%2FFfAWbVsvelpZQfLNvAtW13GB7%2BBiwptPt6MooThkHuI0RsBf528SCDq8QRcFRYFd7BjWRgnfxwilR%2FyMssKfh3PctBuHQbfJv0MJ5HS%2FjgsyEqxyIUXr25bkcjoy04FfcNn%2FJGt14WNU%2B9kESsuJGLjgL5Hrk1GgRoOVdHCs8D7Y00TrGlAoDdEiYU1OfgMi83an28%2FV7YtR8cTP0KT2MWneSOYtRx4%2BII%2FkDGwfdSTZ%2Bc%2BQQs0zJn%2FQ96A%2BQc5MN5k47wfJhXulwcsNhn7%2BmNQanKQ7aV7jzmPscBIOE2cdkSzoWCfCHTgfUluTqAWNduEzarwxtYD2cMQwFyJ4oJ4tKRgOea7bJb9xh8G%2F9vXq3ToVVcHKb10gF7vd06e5g1S4BrxDl2hnhywR%2FN1P%2Fdh7wYtMx3%2FGpn9QkR4WSpYhDRvtmNZPQn9VVfn0xSbp%2BvYllJ3hDdg7ybVnYg%2BHqgcIulx1Zxu%2BzdHE7WRqLD1kC99eiLu3Bupx8%2FxcsxuIGYNRgzxza%2B8rjh1lwVoXd7ZnrIOEeikqZEGgGf9k3vJQjusHHkBaz9DkhBoKUUp3cNTOk2xda6JlB7IFjii1stOOBj6Cenxh%2Fvj6Mdfrs0hpf1pA46fZ9hUUo7s60Px3Mvd5h9AwQS8J%2BZDQihRvgpkAiIc6PVqtYBhq6iBGbcWMVeDxoIm%2BkFWPIPjwkx688jwybJpfYCoWBGkEsHMVXl1tgSKkKEmLfJG%2BFOgPAtgrAHGIhXGz1GhNsN%2B5ZxBGkwi9qLT%2FDZHdymyM19gDMCpUR28zhGAYbP529Zhgmapn%2Fp57kG1E%2BpMONeWn5FttBdaWLCMho4Nsb%2BApCGbXiFQiiLhTfppxCvrubQhk3teutWR9n%2B0U2%2Bh1xGLk%2FceHTu4oplmTPVP%2BGqZ1tk2Swhtvxz4auJLQn4GIsWrl6QPHmZJ5DZK63Julvwk8Y12z0OdO0kI17mBXUaUOO3LKOBmpP3qyIyozqhsJ3nAs3LnsWrFyiSexnF59CvjjRVLC%2F
4.7,Mouse Gamer Redragon Invader Botones Macros Dpi Rgb Luz Pro,https://articulo.mercadolibre.com.ar/MLA-930287893-mouse-gamer-redragon-invader-botones-macros-dpi-rgb-luz-pro-_JM?searchVariation=91742170831#searchVariation=91742170831&position=44&search_layout=stack&type=item&tracking_id=e6bf6000-7168-4463-a4ba-55344cf0da98
4.8,Mouse Gamer De Juego Redragon Impact M908 Negro,https://articulo.mercadolibre.com.ar/MLA-909858206-mouse-gamer-de-juego-redragon-impact-m908-negro-_JM?searchVariation=77229724882#searchVariation=77229724882&position=46&search_layout=stack&type=item&tracking_id=e6bf6000-7168-4463-a4ba-55344cf0da98
4.8,Mouse Gamer Redragon M711-fps  Cobra Fps Rgb 24000 Dpi Rgb,https://articulo.mercadolibre.com.ar/MLA-813990682-mouse-gamer-redragon-m711-fps-cobra-fps-rgb-24000-dpi-rgb-_JM?searchVariation=43217570094#searchVariation=43217570094&position=49&search_layout=stack&type=item&tracking_id=e6bf6000-7168-4463-a4ba-55344cf0da98
4.8,Mouse Gamer De Juego Redragon Storm Elite M988w-rgb Blanco,https://articulo.mercadolibre.com.ar/MLA-924749894-mouse-gamer-de-juego-redragon-storm-elite-m988w-rgb-blanco-_JM?searchVariation=94733309495#searchVariation=94733309495&position=55&search_layout=stack&type=item&tracking_id=e6bf6000-7168-4463-a4ba-55344cf0da98
4.7,Mouse de juego Redragon  Invader M719-RGB negro,https://www.mercadolibre.com.ar/mouse-de-juego-redragon-invader-m719-rgb-negro/p/MLA14701424?pdp_filters=category:MLA1714#searchVariation=MLA14701424&position=11&search_layout=stack&type=product&tracking_id=e6bf6000-7168-4463-a4ba-55344cf0da98
4.8,Mouse Gamer Redragon Storm Elite Rgb M988-rgb 16000 Dpi ,https://articulo.mercadolibre.com.ar/MLA-873063621-mouse-gamer-redragon-storm-elite-rgb-m988-rgb-16000-dpi-_JM?searchVariation=74622684537#searchVariation=74622684537&position=37&search_layout=stack&type=item&tracking_id=e6bf6000-7168-4463-a4ba-55344cf0da98
4.7,Mouse de juego inal치mbrico Redragon  M601WL-BA negro y rojo,https://www.mercadolibre.com.ar/mouse-de-juego-inalambrico-redragon-m601wl-ba-negro-y-rojo/p/MLA17588671?pdp_filters=category:MLA1714#searchVariation=MLA17588671&position=7&search_layout=stack&type=product&tracking_id=e6bf6000-7168-4463-a4ba-55344cf0da98
4.8,Mouse de juego Redragon  Centrophorus2 M601-RGB white,https://www.mercadolibre.com.ar/mouse-de-juego-redragon-centrophorus2-m601-rgb-white/p/MLA18207125?pdp_filters=category:MLA1714#searchVariation=MLA18207125&position=23&search_layout=stack&type=product&tracking_id=e6bf6000-7168-4463-a4ba-55344cf0da98
4.8,Mouse de juego Redragon  Centrophorus2 M601-RGB black,https://www.mercadolibre.com.ar/mouse-de-juego-redragon-centrophorus2-m601-rgb-black/p/MLA17743447?pdp_filters=category:MLA1714#searchVariation=MLA17743447&position=3&search_layout=stack&type=product&tracking_id=e6bf6000-7168-4463-a4ba-55344cf0da98
4.8,Mouse de juego Redragon  Impact M908 negro,https://www.mercadolibre.com.ar/mouse-de-juego-redragon-impact-m908-negro/p/MLA14702445?pdp_filters=category:MLA1714#searchVariation=MLA14702445&position=18&search_layout=stack&type=product&tracking_id=e6bf6000-7168-4463-a4ba-55344cf0da98
4.4,Mouse Gamer Redragon Mirage M690 4800dpi Wireless Usb,https://articulo.mercadolibre.com.ar/MLA-741980350-mouse-gamer-redragon-mirage-m690-4800dpi-wireless-usb-_JM?searchVariation=36792367700#searchVariation=36792367700&position=51&search_layout=stack&type=item&tracking_id=e6bf6000-7168-4463-a4ba-55344cf0da98
4.7,Mouse de juego inal치mbrico Redragon  M601WL-BA negro y rojo,https://click1.mercadolibre.com.ar/mclics/clicks/external/MLA/count?a=4TfJT8QNI%2FJiJZ7FtyMRuyQDC%2B%2BQplOjwTd3OBaBFB4aFzzsUcGCtP7La4f7pfLoVCh74y2AmI2oxGfFSXaT9dgx3xenugNaXRtq8s2rB9R3hCBLeN7WCwwOl%2BtLGOkBG1GfNdMXqNDUTrVjAIw9lzk9SHnUnUylrE7fXYxqcXhINY6UIWWH1XFK57dgWPfzMBjhXIxcJC3Q7J9DX%2FS52%2FHorxqnwtiLXD76F8%2BGlzYjhBnswS2Yw8JriQUXKpDj%2B3Jc0LtsnvBtSe4o3oV9IWOr%2FIpQ1GWpj%2FTNQ4iAfPokjsjKNnvW%2FivdwEYIJQzU9dacNyMN%2FS%2B4Sx0K%2FOoXf2gy41VDLdk3Jjr9Jqb0%2F9ZM9RDyXwQBji73cbfCa6LAaadsXdqif8eAOjQNI5cP6FJUrV91UgV6akzayghwaIyqsCimQ5aX4kNalfNQqQPFNSf890jbJmNAkQZgKyA4KuzIv36nXsN1KdAKGp4SWBSR6MzA2QJd554G5yyt%2BbEghmkqvBL%2B3JSqYo4V9tE6eHZQp4zOsVSAzHHEA%2FBn%2FP6kC%2Blc7l2l958L1eF2RNUMRrVoH0mL8s%2B8YU1Nm46y5Skl1%2FuvFh4gir9JGfZDtZ75EVfGiveYi4Jt7%2B%2Fm31%2B%2Butm%2BiUutLkDeuGm38SURA%2F2VHu9EAwGs84bwne1V1QUt%2FzPfr9IejZL0oA59U7Xmzv3909eanxDkdi%2BkfCvOzgK3SgajkoaoJCfFmUbSbCxuh%2FHXNm1qm8S%2F8jLPtN5WYPOg1q3Luw%2BhC%2BR7urcwdub8dzQPHul19g6ghLwVC6CyNTvGV3DooJFgnyVcN7u8CTsjKK9S3bQHpCT%2Bo9t8qAFdqkP3g8iytPomSG4bqwO%2F5FolJx%2BNtzHIo0glZr41xFVA2QZoyYIbZvkga7ynLqe3Yg4FMMPKpgkpVjtySHWPgv9mAqgFcMc0XzfjokV6u%2Bk5HUcj%2FpwgAyd7fGNHQDlMQgyeus6PZSpiJ25ipCPQNIoJGs54ffJ8PYkYS9HdIQR4Wbnu3AkQdLEbS%2FMhlkLmfowXlZ9%2BbaWwceHKYisri8XHVlfoRoYJyFLqSnM7R%2FDq24dYnaVwrj2OBtA31C6iGjLAOO2iApohsVuJLFJkeaXtY2eKfrMmy%2Br1eBGTQOr%2FIrLNknkFav6FjYY%2F%2BuGkxPduDF2xQHe3JAiqUIYZJxrJpk8YURwMEnjveI8Hcn5YGKJ%2FN4Q39LSqD%2F6rxxHLivJvdkAZ8O2CfU3gxgKMDahKxWlX9I3ExZm4Wd6EdBK%2BNxth%2BYHe24bTLOOm%2BTIVumtsKVpvyI%2FJ%2BEvzmWL75M3xvRUrEpQJuPgDhH3xEOVeht5%2Bf1Ars5AaKgPaUeli%2F358ddeRNIsKt5CVEXBRjEyUwScFQEjaaHCM1khb4UKyytsfu8JwERV5lEeDk38FQMY%2BC%2FLpovfGNnyJgyIx5J%2F%2BiQLyuNoTTcwfCep%2B0hb7CbDvUN7bo2cAC7hsbeowSyqgIFwlI7lTJW5uOWDSbtDHAfxMICN5JeTcJjERo9%2FtXU1zX%2FoAzxwM4qjPxajeWcTToCgrrdq%2FqfawoKfqSc0Zb6fEMMPsWHc8%2Fa3de38WaYmiVUtjvgtBmoBEWQiV9dNDSE1YRELFcIJYey%2F%2F%2Bs%2BeIw4ux7gphDp1XF8cPKsbKebm2FJy%2BvdtsGq9hS6e0lTXpjtoBcSBhNfmilomxx73HSWq8FFWZgtyX7eUrZ6GBQpkSl36CL%2Bn%2BoLGMUT%2FlBr%2F6RCtNev1pzPOVXriIJIaY7N1u4ZxzZG4xSdqpRrTna7HMD48Bof0eO2sz7Z93MNgNT9OncZMX5kLSg%3D%3D
4.8,Mouse de juego Redragon  Dagger M715 negro,https://www.mercadolibre.com.ar/mouse-de-juego-redragon-dagger-m715-negro/p/MLA9314709?pdp_filters=category:MLA1714#searchVariation=MLA9314709&position=19&search_layout=stack&type=product&tracking_id=e6bf6000-7168-4463-a4ba-55344cf0da98
4.8,Mouse de juego Redragon  Nothosaur M606 black y red,https://www.mercadolibre.com.ar/mouse-de-juego-redragon-nothosaur-m606-black-y-red/p/MLA10805863?pdp_filters=category:MLA1714#searchVariation=MLA10805863&position=21&search_layout=stack&type=product&tracking_id=e6bf6000-7168-4463-a4ba-55344cf0da98
4.8,Mouse Gamer Redragon Cobra White M711-w Blanco Rgb 10000 Dpi,https://articulo.mercadolibre.com.ar/MLA-929760736-mouse-gamer-redragon-cobra-white-m711-w-blanco-rgb-10000-dpi-_JM?searchVariation=91283062379#searchVariation=91283062379&position=33&search_layout=stack&type=item&tracking_id=e6bf6000-7168-4463-a4ba-55344cf0da98
4.8,Mouse Gamer De Juego Redragon Cobra M711 White,https://articulo.mercadolibre.com.ar/MLA-913911158-mouse-gamer-de-juego-redragon-cobra-m711-white-_JM?searchVariation=80105016410#searchVariation=80105016410&position=47&search_layout=stack&type=item&tracking_id=e6bf6000-7168-4463-a4ba-55344cf0da98
4.8,Mouse Gamer Redragon M610 Gainer 3200dpi Optico Usb,https://articulo.mercadolibre.com.ar/MLA-898586463-mouse-gamer-redragon-m610-gainer-3200dpi-optico-usb-_JM?searchVariation=69133054917#searchVariation=69133054917&position=27&search_layout=stack&type=item&tracking_id=e6bf6000-7168-4463-a4ba-55344cf0da98
4.8,Mouse Gamer Redragon Cobra M711 24000dpi Rgb Usb Pc,https://articulo.mercadolibre.com.ar/MLA-685837650-mouse-gamer-redragon-cobra-m711-24000dpi-rgb-usb-pc-_JM?searchVariation=36792550485#searchVariation=36792550485&position=28&search_layout=stack&type=item&tracking_id=e6bf6000-7168-4463-a4ba-55344cf0da98
4.4,Mouse de juego inal치mbrico Redragon  Mirage M690 negro y rojo,https://www.mercadolibre.com.ar/mouse-de-juego-inalambrico-redragon-mirage-m690-negro-y-rojo/p/MLA8812135?pdp_filters=category:MLA1714#searchVariation=MLA8812135&position=6&search_layout=stack&type=product&tracking_id=e6bf6000-7168-4463-a4ba-55344cf0da98
4.7,Mouse De Juego Redragon Invader M719 Negro,https://articulo.mercadolibre.com.ar/MLA-904652816-mouse-de-juego-redragon-invader-m719-negro-_JM?searchVariation=76113881714#searchVariation=76113881714&position=52&search_layout=stack&type=item&tracking_id=e6bf6000-7168-4463-a4ba-55344cf0da98
4.8,Mouse Gamer Redragon Storm Elite Rgb M988w 16000 Dpi White,https://articulo.mercadolibre.com.ar/MLA-925231636-mouse-gamer-redragon-storm-elite-rgb-m988w-16000-dpi-white-_JM?searchVariation=87811716741#searchVariation=87811716741&position=25&search_layout=stack&type=item&tracking_id=e6bf6000-7168-4463-a4ba-55344cf0da98
4.8,Mouse de juego Redragon  Cobra Chroma M711 negro,https://www.mercadolibre.com.ar/mouse-de-juego-redragon-cobra-chroma-m711-negro/p/MLA8752191?pdp_filters=category:MLA1714#searchVariation=MLA8752191&position=10&search_layout=stack&type=product&tracking_id=e6bf6000-7168-4463-a4ba-55344cf0da98
4.8,Mouse de juego Redragon  Storm Elite M988 black,https://www.mercadolibre.com.ar/mouse-de-juego-redragon-storm-elite-m988-black/p/MLA16111518?pdp_filters=category:MLA1714#searchVariation=MLA16111518&position=2&search_layout=stack&type=product&tracking_id=e6bf6000-7168-4463-a4ba-55344cf0da98
